txn per client,c4_list,elle
100,1.637,114.1140821
200,3.067,181.382475
300,5.153,515.4644545
400,7.173,474.8904994
500,10.867,569.0116953
